Game,Tag 1,Tag 2,Tag 3,Tag 4,Tag 5
Delta Force,Early Access,Free to Play,Extraction Shooter,FPS,Massively Multiplayer
SUPERVIVE,Battle Royale,MOBA,Hero Shooter,Team-Based,eSports
Strinova,Free to Play,Third-Person Shooter,Hero Shooter,FPS,Action
POPUCOM,Co-op,Adventure,Match 3,Platformer,Casual
Rivals of Aether II,Fighting,Multiplayer,Indie,2D Fighter,Action
Sultan's Game,Resource Management,Story Rich,Turn-Based Strategy,Choose Your Own Adventure,Card Game
Gladio Mori,3D Fighter,Swordplay,Multiplayer,Physics,Singleplayer
卡牌迷境(CARD QUEST),Adventure,Strategy,Card Game,Card Battler,Exploration
Tinkerlands,Atmospheric,Casual,Open World Survival Craft,Action-Adventure,RPG
Fast Food Simulator,Simulation,Online Co-Op,Management,Cooking,Indie